{
  "fold_best_acc": [
    0.6609848493879492,
    0.571875,
    0.54375,
    0.553125,
    0.5972916662693024,
    0.559375,
    0.575,
    0.546875
  ],
  "mean": 0.5760345644571565,
  "std": 0.03602386382733357,
  "max": 0.6609848493879492,
  "min": 0.54375
}