{
  "2": {
    "mean": 0.6609848493879492,
    "max": 0.8125,
    "min": 0.3333333432674408,
    "n_batches": 11
  },
  "31": {
    "mean": 0.571875,
    "max": 0.71875,
    "min": 0.46875,
    "n_batches": 10
  },
  "21": {
    "mean": 0.54375,
    "max": 0.71875,
    "min": 0.4375,
    "n_batches": 10
  },
  "1": {
    "mean": 0.553125,
    "max": 0.625,
    "min": 0.5,
    "n_batches": 10
  },
  "9": {
    "mean": 0.5972916662693024,
    "max": 0.78125,
    "min": 0.46875,
    "n_batches": 10
  },
  "5": {
    "mean": 0.559375,
    "max": 0.71875,
    "min": 0.46875,
    "n_batches": 10
  },
  "39": {
    "mean": 0.575,
    "max": 0.71875,
    "min": 0.5,
    "n_batches": 10
  },
  "34": {
    "mean": 0.546875,
    "max": 0.71875,
    "min": 0.4375,
    "n_batches": 10
  }
}